Model,MAE,RMSE,R2
LinearRegression (baseline),3.852417415199075,4.617684990370735,-0.6181516035481707
