Model,MAE,RMSE,R2,Train_time_sec
XGBRegressor,1.3351649192840955,1.9942992461156253,0.6981777499476238,0.0567
RandomForestRegressor,1.6500566592064871,2.727330290595429,0.43552322994379333,0.2269
KNeighborsRegressor,2.501041899236321,3.3095439224398793,0.16879738550919277,0.0015
