CV_MAE_mean,CV_RMSE_mean,CV_R2_mean,Test_MAE,Test_RMSE,Test_R2,Model
4.692229026841934,6.185715307443052,0.12090523373231934,3.466245270540148,4.376231487496565,-0.45335321424794417,LinearRegression
1.9951648253412984,3.1857454086645864,0.808528880805941,1.7350284348168121,2.723065105296889,0.4372873840297379,RandomForestRegressor
2.338772790280939,3.4735340199027314,0.758252344041664,1.3351649192840955,1.9942992461156253,0.6981777499476238,XGBRegressor
3.9003183261193497,5.722225742880277,0.31819457230110576,2.501041899236321,3.3095439224398793,0.16879738550919277,KNeighborsRegressor
